Workbook

Sheet Sheet1
B1: Nup107 | F1: Seh1 | J1: Nup205 | N1: Nup93 | R1: Nup62 | V1: Nup214 | Z1: Tpr | AD1: Nup358
A2: Time (min) | B2: Cytoplasm | C2: Nucleoplasm | D2: NE | F2: Cytoplasm | G2: Nucleoplasm | H2: NE | J2: Cytoplasm | K2: Nucleoplasm | L2: NE | N2: Cytoplasm | O2: Nucleoplasm | P2: NE | R2: Cytoplasm | S2: Nucleoplasm | T2: NE | V2: Cytoplasm | W2: Nucleoplasm | X2: NE | Z2: Cytoplasm | AA2: Nucleoplasm | AB2: NE | AD2: Cytoplasm | AE2: Nucleoplasm | AF2: NE
A3: 0 | B3: 2.4915362 | C3: 0.29654753 | D3: 0.03708044 | F3: 2.3983823 | G3: 0.32179562 | H3: 0.046954967 | J3: 1.3610302 | K3: 0.0900625 | L3: 0.015510476 | N3: 5.3387443 | O3: 0.32940039 | P3: 0.037884712 | R3: 5.4658588 | S3: 0.34657653 | T3: 0.074589947 | V3: 1.7370159 | W3: 0.090580532 | X3: 0.02172372 | Z3: 1.7441908 | AA3: 0.10616753 | AB3: 0.044849089 | AD3: 1.2346935 | AE3: 0.092671815 | AF3: 0.01836617
A4: 0.5 | B4: 2.4525524 | C4: 0.31254695 | D4: 0.044563396 | F4: 2.3306463 | G4: 0.35675196 | H4: 0.079458151 | J4: 1.3351753 | K4: 0.11549232 | L4: 0.0081848591 | N4: 5.1285222 | O4: 0.49146644 | P4: 0.028941003 | R4: 5.3157014 | S4: 0.42939138 | T4: 0.059994333 | V4: 1.7023422 | W4: 0.11458629 | X4: 0.016829941 | Z4: 1.7487106 | AA4: 0.13972123 | AB4: 0.038251811 | AD4: 1.2027212 | AE4: 0.10775165 | AF4: 0.022392363
A5: 1 | B5: 2.3381472 | C5: 0.42280061 | D5: 0.053051959 | F5: 2.1918211 | G5: 0.48799578 | H5: 0.083400066 | J5: 1.2323045 | K5: 0.17629343 | L5: -0.0026731229 | N5: 4.8566076 | O5: 0.71041748 | P5: 0.022504954 | R5: 4.9919255 | S5: 0.66499162 | T5: 0.043417114 | V5: 1.6023774 | W5: 0.18366543 | X5: 0.010931271 | Z5: 1.6123197 | AA5: 0.21674568 | AB5: 0.021236562 | AD5: 1.1245952 | AE5: 0.16180227 | AF5: 0.021516525
A6: 1.5 | B6: 2.174723 | C6: 0.55952374 | D6: 0.055217861 | F6: 2.0568745 | G6: 0.58579202 | H6: 0.077524364 | J6: 1.2195217 | K6: 0.20715401 | L6: -0.0051285333 | N6: 4.9558089 | O6: 0.78256904 | P6: 0.023829713 | R6: 4.7015726 | S6: 0.80980418 | T6: 0.078070215 | V6: 1.5654148 | W6: 0.23387878 | X6: 0.017444712 | Z6: 1.5635436 | AA6: 0.26080547 | AB6: 0.014247961 | AD6: 1.1669118 | AE6: 0.18052593 | AF6: 0.021157106
A7: 2 | B7: 2.0721884 | C7: 0.54656404 | D7: 0.064781419 | F7: 1.9905714 | G7: 0.53919149 | H7: 0.05486981 | J7: 1.1738337 | K7: 0.18219014 | L7: 0.000745706 | N7: 4.9771073 | O7: 0.59676887 | P7: 0.030268756 | R7: 4.8741354 | S7: 0.6700128 | T7: 0.072055904 | V7: 1.5049625 | W7: 0.23325852 | X7: 0.015468404 | Z7: 1.6095139 | AA7: 0.19596624 | AB7: 0.007472034 | AD7: 1.1150316 | AE7: 0.17529964 | AF7: 0.020389635
A8: 2.5 | B8: 1.8515203 | C8: 0.71033362 | D8: 0.081021791 | F8: 1.7271585 | G8: 0.79073814 | H8: 0.092847691 | J8: 1.1367278 | K8: 0.18632589 | L8: 0.021117893 | N8: 4.7474986 | O8: 0.55735976 | P8: 0.060006723 | R8: 4.553535 | S8: 0.75923813 | T8: 0.086691612 | V8: 1.3764504 | W8: 0.26523851 | X8: 0.032554309 | Z8: 1.5186927 | AA8: 0.22674097 | AB8: 0.011587045 | AD8: 1.0742711 | AE8: 0.16870452 | AF8: 0.020564247
A9: 3 | B9: 2.0993818 | C9: 0.44406643 | D9: 0.13990679 | F9: 2.0380572 | G9: 0.46031247 | H9: 0.13454843 | J9: 1.262072 | K9: 0.12625771 | L9: 0.008627349 | N9: 5.0223644 | O9: 0.39862867 | P9: 0.022915352 | R9: 4.9179128 | S9: 0.53913604 | T9: 0.082989803 | V9: 1.5574728 | W9: 0.15499622 | X9: 0.013947667 | Z9: 1.6105957 | AA9: 0.14913607 | AB9: 0.020581203 | AD9: 1.1254283 | AE9: 0.12237776 | AF9: 0.019916404
A10: 3.5 | B10: 2.1769775 | C10: 0.34889463 | D10: 0.13620138 | F10: 2.0896075 | G10: 0.33959647 | H10: 0.1098393 | J10: 1.2422219 | K10: 0.099751235 | L10: 0.0086803872 | N10: 5.1868712 | O10: 0.32066578 | P10: 0.0036360898 | R10: 4.9448594 | S10: 0.40475075 | T10: 0.046468595 | V10: 1.6273885 | W10: 0.10763997 | X10: 0.0076087797 | Z10: 1.6828512 | AA10: 0.11422217 | AB10: 0.019374988 | AD10: 1.1661738 | AE10: 0.097890644 | AF10: -0.0097431504
A11: 4 | B11: 2.1909483 | C11: 0.30512054 | D11: 0.18152873 | F11: 2.1702438 | G11: 0.29186555 | H11: 0.14940461 | J11: 1.3216008 | K11: 0.082343224 | L11: 0.013049041 | N11: 5.2833659 | O11: 0.25563933 | P11: 0.005345834 | R11: 5.1086754 | S11: 0.3209811 | T11: 0.040607718 | V11: 1.6574947 | W11: 0.080831939 | X11: 0.011032543 | Z11: 1.7595061 | AA11: 0.087708201 | AB11: 0.0085656507 | AD11: 1.2030948 | AE11: 0.074029712 | AF11: -0.0012534451
A12: 4.5 | B12: 2.1475871 | C12: 0.27364161 | D12: 0.21406527 | F12: 2.1765782 | G12: 0.26022417 | H12: 0.16223911 | J12: 1.3049253 | K12: 0.068500862 | L12: 0.0082069939 | N12: 5.2914119 | O12: 0.21816115 | P12: 0.0030734552 | R12: 5.196094 | S12: 0.2745389 | T12: 0.019528329 | V12: 1.6839475 | W12: 0.068194132 | X12: -0.0028211078 | Z12: 1.7716634 | AA12: 0.071692256 | AB12: -0.0079377445 | AD12: 1.2103122 | AE12: 0.066635559 | AF12: -0.015867386
A13: 5 | B13: 2.1132033 | C13: 0.25233068 | D13: 0.2884681 | F13: 2.1533859 | G13: 0.23873887 | H13: 0.1945429 | J13: 1.3119796 | K13: 0.058652233 | L13: 0.0063422037 | N13: 5.3127576 | O13: 0.18421825 | P13: 0.019217889 | R13: 5.2589542 | S13: 0.22829386 | T13: 0.036510821 | V13: 1.6944852 | W13: 0.05713207 | X13: 0.0081194819 | Z13: 1.7465418 | AA13: 0.063671795 | AB13: -0.0043599084 | AD13: 1.2186534 | AE13: 0.054198515 | AF13: -0.0019985291
A14: 5.5 | B14: 2.0676465 | C14: 0.23701695 | D14: 0.43259483 | F14: 2.1400925 | G14: 0.22322716 | H14: 0.23006472 | J14: 1.3083533 | K14: 0.052940768 | L14: 0.042028818 | N14: 5.2447469 | O14: 0.18893796 | P14: 0.08124959 | R14: 5.0563296 | S14: 0.21725245 | T14: 0.11569006 | V14: 1.7021335 | W14: 0.049924856 | X14: 0.0037462971 | Z14: 1.7814449 | AA14: 0.057182918 | AB14: -0.0062121843 | AD14: 1.2306961 | AE14: 0.049803454 | AF14: -0.0051129416
... A123: 60 | B123: 0.98653351 | C123: 0.82398527 | D123: 1.3459109 | F123: 1.1863012 | G123: 0.63142749 | H123: 1.1087145 | J123: 0.51716219 | K123: 0.37345102 | L123: 0.79777254 | N123: 2.0268418 | O123: 1.2289571 | P123: 1.8818269 | R123: 2.3127589 | S123: 1.1359798 | T123: 2.3612688 | V123: 0.8249954 | W123: 0.32083883 | X123: 0.90156814 | Z123: 0.24833289 | AA123: 0.72801764 | AB123: 1.0834315 | AD123: 0.6060368 | AE123: 0.24682548 | AF123: 0.43228496

Sheet Sheet2
A1: Total Nup62 molecules in a cell: | C1: Cell volume (micro m^3) | E1: Nup62 molecules / micro m^3 | G1: Conversion to mg/mL | J1: Cellular concentration (mg/mL): | L1: Average concentration: | O1: Conversion to mM | R1: Cellular concentration (mM): | T1: Average concentration:
A2: =SUM(Sheet1!R3:T3)*10^5 -> 588702.53 | C2: 4900 | E2: =A2/$C$2 -> 120.14337 | G2: =1/(6.022*10^22) -> 1.6605779e-23 | H2: mol / molecule | J2: =E2*$G$7 -> 0.1062144 | L2: =AVERAGE(J2:J122) -> 0.10467179 | M2: mg / mL | O2: =1/(6.022*10^22) -> 1.6605779e-23 | P2: mol / molecule | R2: =E2*$O$7 -> 1.9950743 | T2: =AVERAGE(R2:R122) -> 1.9660986 | U2: mM
A3: =SUM(Sheet1!R4:T4)*10^5 -> 580508.71 | E3: =A3/$C$2 -> 118.47116 | G3: =10^12 -> 1000000000000 | H3: micro m^3 / mL | J3: =E3*$G$7 -> 0.10473606 | O3: =10^15 -> 1e+15 | P3: micro m^3 / L | R3: =E3*$O$7 -> 1.967306
A4: =SUM(Sheet1!R5:T5)*10^5 -> 570033.42 | E4: =A4/$C$2 -> 116.33335 | G4: 53238.32 | H4: g / mol of Nup62 | J4: =E4*$G$7 -> 0.1028461 | O4: =10^6 -> 1000000 | P4: microM / M | R4: =E4*$O$7 -> 1.9318059
A5: =SUM(Sheet1!R6:T6)*10^5 -> 558944.7 | E5: =A5/$C$2 -> 114.07035 | G5: 1000 | H5: mg / g | J5: =E5*$G$7 -> 0.10084546 | R5: =E5*$O$7 -> 1.8942269
A6: =SUM(Sheet1!R7:T7)*10^5 -> 561620.41 | E6: =A6/$C$2 -> 114.61641 | J6: =E6*$G$7 -> 0.10132822 | O6: Total converstion facor: | R6: =E6*$O$7 -> 1.9032948
A7: =SUM(Sheet1!R8:T8)*10^5 -> 539946.47 | E7: =A7/$C$2 -> 110.19316 | G7: =G3*G4*G5*G2 -> 0.00088406377 | H7: Total conversion factor | J7: =E7*$G$7 -> 0.097417778 | O7: =O2*O3*O4 -> 0.016605779 | R7: =E7*$O$7 -> 1.8298432
A8: =SUM(Sheet1!R9:T9)*10^5 -> 554003.86 | E8: =A8/$C$2 -> 113.06201 | J8: =E8*$G$7 -> 0.099954029 | R8: =E8*$O$7 -> 1.8774828
A9: =SUM(Sheet1!R10:T10)*10^5 -> 539607.88 | E9: =A9/$C$2 -> 110.12406 | J9: =E9*$G$7 -> 0.097356688 | R9: =E9*$O$7 -> 1.8286957
A10: =SUM(Sheet1!R11:T11)*10^5 -> 547026.42 | E10: =A10/$C$2 -> 111.63804 | J10: =E10*$G$7 -> 0.09869515 | R10: =E10*$O$7 -> 1.8538367
A11: =SUM(Sheet1!R12:T12)*10^5 -> 549016.12 | E11: =A11/$C$2 -> 112.04411 | J11: =E11*$G$7 -> 0.099054134 | R11: =E11*$O$7 -> 1.8605796
A12: =SUM(Sheet1!R13:T13)*10^5 -> 552375.89 | E12: =A12/$C$2 -> 112.72977 | J12: =E12*$G$7 -> 0.099660308 | R12: =E12*$O$7 -> 1.8719657
A13: =SUM(Sheet1!R14:T14)*10^5 -> 538927.21 | E13: =A13/$C$2 -> 109.98515 | J13: =E13*$G$7 -> 0.097233882 | R13: =E13*$O$7 -> 1.826389
A14: =SUM(Sheet1!R15:T15)*10^5 -> 550406 | E14: =A14/$C$2 -> 112.32776 | J14: =E14*$G$7 -> 0.099304898 | R14: =E14*$O$7 -> 1.8652899
A15: =SUM(Sheet1!R16:T16)*10^5 -> 567712.53 | E15: =A15/$C$2 -> 115.8597 | J15: =E15*$G$7 -> 0.10242736 | R15: =E15*$O$7 -> 1.9239406
A16: =SUM(Sheet1!R17:T17)*10^5 -> 568881.55 | E16: =A16/$C$2 -> 116.09828 | J16: =E16*$G$7 -> 0.10263828 | R16: =E16*$O$7 -> 1.9279023
A17: =SUM(Sheet1!R18:T18)*10^5 -> 576170.84 | E17: =A17/$C$2 -> 117.58589 | J17: =E17*$G$7 -> 0.10395342 | R17: =E17*$O$7 -> 1.9526052
A18: =SUM(Sheet1!R19:T19)*10^5 -> 577893.36 | E18: =A18/$C$2 -> 117.93742 | J18: =E18*$G$7 -> 0.1042642 | R18: =E18*$O$7 -> 1.9584427
A19: =SUM(Sheet1!R20:T20)*10^5 -> 570672.84 | E19: =A19/$C$2 -> 116.46385 | J19: =E19*$G$7 -> 0.10296147 | R19: =E19*$O$7 -> 1.9339729
... A122: =SUM(Sheet1!R123:T123)*10^5 -> 581000.75 | E122: =A122/$C$2 -> 118.57158 | J122: =E122*$G$7 -> 0.10482484 | R122: =E122*$O$7 -> 1.9689735
